<?xml version="1.0" encoding="UTF-8"?><?xml-stylesheet type='text/xsl' href='_UpgradeReport_Files/UpgradeReport.xslt'?><UpgradeLog>
<Properties><Property Name="Solution" Value="MoleculeViewer">
</Property><Property Name="Solution File" Value="C:\b\git\tobegited\MoleculeViewer\MoleculeViewer.sln">
</Property><Property Name="User Options File" Value="C:\b\git\tobegited\MoleculeViewer\MoleculeViewer.suo">
</Property><Property Name="Date" Value="Wednesday, March 03, 2021">
</Property><Property Name="Time" Value="1:53 AM">
</Property></Properties><Event ErrorLevel="0" Project="" Source="MoleculeViewer.sln" Description="File successfully backed up as C:\b\git\tobegited\MoleculeViewer\Backup\MoleculeViewer.sln">
</Event><Event ErrorLevel="0" Project="" Source="MoleculeViewer.suo" Description="File successfully backed up as C:\b\git\tobegited\MoleculeViewer\Backup\MoleculeViewer.suo">
</Event><Event ErrorLevel="0" Project="MoleculeViewer" Source="MoleculeViewer.csproj" Description="Project file successfully backed up as C:\b\git\tobegited\MoleculeViewer\Backup\MoleculeViewer.csproj">
</Event><Event ErrorLevel="0" Project="MoleculeViewer" Source="MoleculeViewer.csproj.user" Description="Project user file successfully backed up as C:\b\git\tobegited\MoleculeViewer\Backup\MoleculeViewer.csproj.user">
</Event><Event ErrorLevel="0" Project="MoleculeViewer" Source="App.xaml.cs" Description="File successfully backed up as C:\b\git\tobegited\MoleculeViewer\Backup\App.xaml.cs">
</Event><Event ErrorLevel="0" Project="MoleculeViewer" Source="MainWindow.xaml.cs" Description="File successfully backed up as C:\b\git\tobegited\MoleculeViewer\Backup\MainWindow.xaml.cs">
</Event><Event ErrorLevel="0" Project="MoleculeViewer" Source="AboutWindow.xaml.cs" Description="File successfully backed up as C:\b\git\tobegited\MoleculeViewer\Backup\AboutWindow.xaml.cs">
</Event><Event ErrorLevel="0" Project="MoleculeViewer" Source="ActionIndicator.xaml.cs" Description="File successfully backed up as C:\b\git\tobegited\MoleculeViewer\Backup\ActionIndicator.xaml.cs">
</Event><Event ErrorLevel="0" Project="MoleculeViewer" Source="ArtifactControl.cs" Description="File successfully backed up as C:\b\git\tobegited\MoleculeViewer\Backup\ArtifactControl.cs">
</Event><Event ErrorLevel="0" Project="MoleculeViewer" Source="ArtifactViewer.cs" Description="File successfully backed up as C:\b\git\tobegited\MoleculeViewer\Backup\ArtifactViewer.cs">
</Event><Event ErrorLevel="0" Project="MoleculeViewer" Source="Atom.cs" Description="File successfully backed up as C:\b\git\tobegited\MoleculeViewer\Backup\Atom.cs">
</Event><Event ErrorLevel="0" Project="MoleculeViewer" Source="CAlpha.cs" Description="File successfully backed up as C:\b\git\tobegited\MoleculeViewer\Backup\CAlpha.cs">
</Event><Event ErrorLevel="0" Project="MoleculeViewer" Source="Cartoon.cs" Description="File successfully backed up as C:\b\git\tobegited\MoleculeViewer\Backup\Cartoon.cs">
</Event><Event ErrorLevel="0" Project="MoleculeViewer" Source="Chain.cs" Description="File successfully backed up as C:\b\git\tobegited\MoleculeViewer\Backup\Chain.cs">
</Event><Event ErrorLevel="0" Project="MoleculeViewer" Source="ChainAtom.cs" Description="File successfully backed up as C:\b\git\tobegited\MoleculeViewer\Backup\ChainAtom.cs">
</Event><Event ErrorLevel="0" Project="MoleculeViewer" Source="ColorScheme.cs" Description="File successfully backed up as C:\b\git\tobegited\MoleculeViewer\Backup\ColorScheme.cs">
</Event><Event ErrorLevel="0" Project="MoleculeViewer" Source="Helix.cs" Description="File successfully backed up as C:\b\git\tobegited\MoleculeViewer\Backup\Helix.cs">
</Event><Event ErrorLevel="0" Project="MoleculeViewer" Source="HetAtom.cs" Description="File successfully backed up as C:\b\git\tobegited\MoleculeViewer\Backup\HetAtom.cs">
</Event><Event ErrorLevel="0" Project="MoleculeViewer" Source="HoverObject.cs" Description="File successfully backed up as C:\b\git\tobegited\MoleculeViewer\Backup\HoverObject.cs">
</Event><Event ErrorLevel="0" Project="MoleculeViewer" Source="HoverPopup.cs" Description="File successfully backed up as C:\b\git\tobegited\MoleculeViewer\Backup\HoverPopup.cs">
</Event><Event ErrorLevel="0" Project="MoleculeViewer" Source="LocalEntity.cs" Description="File successfully backed up as C:\b\git\tobegited\MoleculeViewer\Backup\LocalEntity.cs">
</Event><Event ErrorLevel="0" Project="MoleculeViewer" Source="Molecule.cs" Description="File successfully backed up as C:\b\git\tobegited\MoleculeViewer\Backup\Molecule.cs">
</Event><Event ErrorLevel="0" Project="MoleculeViewer" Source="PdbActionType.cs" Description="File successfully backed up as C:\b\git\tobegited\MoleculeViewer\Backup\PdbActionType.cs">
</Event><Event ErrorLevel="0" Project="MoleculeViewer" Source="MoleculeViewControl.cs" Description="File successfully backed up as C:\b\git\tobegited\MoleculeViewer\Backup\MoleculeViewControl.cs">
</Event><Event ErrorLevel="0" Project="MoleculeViewer" Source="PdbViewer.cs" Description="File successfully backed up as C:\b\git\tobegited\MoleculeViewer\Backup\PdbViewer.cs">
</Event><Event ErrorLevel="0" Project="MoleculeViewer" Source="PdbViewState.cs" Description="File successfully backed up as C:\b\git\tobegited\MoleculeViewer\Backup\PdbViewState.cs">
</Event><Event ErrorLevel="0" Project="MoleculeViewer" Source="Properties\AssemblyInfo.cs" Description="File successfully backed up as C:\b\git\tobegited\MoleculeViewer\Backup\Properties\AssemblyInfo.cs">
</Event><Event ErrorLevel="0" Project="MoleculeViewer" Source="Properties\Resources.cs" Description="File successfully backed up as C:\b\git\tobegited\MoleculeViewer\Backup\Properties\Resources.cs">
</Event><Event ErrorLevel="0" Project="MoleculeViewer" Source="Properties\Settings.cs" Description="File successfully backed up as C:\b\git\tobegited\MoleculeViewer\Backup\Properties\Settings.cs">
</Event><Event ErrorLevel="0" Project="MoleculeViewer" Source="Residue.cs" Description="File successfully backed up as C:\b\git\tobegited\MoleculeViewer\Backup\Residue.cs">
</Event><Event ErrorLevel="0" Project="MoleculeViewer" Source="ResidueControl.cs" Description="File successfully backed up as C:\b\git\tobegited\MoleculeViewer\Backup\ResidueControl.cs">
</Event><Event ErrorLevel="0" Project="MoleculeViewer" Source="ResidueStripItem.cs" Description="File successfully backed up as C:\b\git\tobegited\MoleculeViewer\Backup\ResidueStripItem.cs">
</Event><Event ErrorLevel="0" Project="MoleculeViewer" Source="Ribbon.cs" Description="File successfully backed up as C:\b\git\tobegited\MoleculeViewer\Backup\Ribbon.cs">
</Event><Event ErrorLevel="0" Project="MoleculeViewer" Source="Sheet.cs" Description="File successfully backed up as C:\b\git\tobegited\MoleculeViewer\Backup\Sheet.cs">
</Event><Event ErrorLevel="0" Project="MoleculeViewer" Source="Sphere.cs" Description="File successfully backed up as C:\b\git\tobegited\MoleculeViewer\Backup\Sphere.cs">
</Event><Event ErrorLevel="0" Project="MoleculeViewer" Source="Splash.cs" Description="File successfully backed up as C:\b\git\tobegited\MoleculeViewer\Backup\Splash.cs">
</Event><Event ErrorLevel="0" Project="MoleculeViewer" Source="Stick.cs" Description="File successfully backed up as C:\b\git\tobegited\MoleculeViewer\Backup\Stick.cs">
</Event><Event ErrorLevel="0" Project="MoleculeViewer" Source="Structure.cs" Description="File successfully backed up as C:\b\git\tobegited\MoleculeViewer\Backup\Structure.cs">
</Event><Event ErrorLevel="0" Project="MoleculeViewer" Source="StructureControl.cs" Description="File successfully backed up as C:\b\git\tobegited\MoleculeViewer\Backup\StructureControl.cs">
</Event><Event ErrorLevel="0" Project="MoleculeViewer" Source="TsriLogoControl.xaml.cs" Description="File successfully backed up as C:\b\git\tobegited\MoleculeViewer\Backup\TsriLogoControl.xaml.cs">
</Event><Event ErrorLevel="0" Project="MoleculeViewer" Source="ViewState.cs" Description="File successfully backed up as C:\b\git\tobegited\MoleculeViewer\Backup\ViewState.cs">
</Event><Event ErrorLevel="0" Project="MoleculeViewer" Source="Water.cs" Description="File successfully backed up as C:\b\git\tobegited\MoleculeViewer\Backup\Water.cs">
</Event><Event ErrorLevel="0" Project="MoleculeViewer" Source="RenderingClassDiagram.cd" Description="File successfully backed up as C:\b\git\tobegited\MoleculeViewer\Backup\RenderingClassDiagram.cd">
</Event><Event ErrorLevel="0" Project="MoleculeViewer" Source="UiClassDiagram.cd" Description="File successfully backed up as C:\b\git\tobegited\MoleculeViewer\Backup\UiClassDiagram.cd">
</Event><Event ErrorLevel="0" Project="MoleculeViewer" Source="Properties\Settings.settings" Description="File successfully backed up as C:\b\git\tobegited\MoleculeViewer\Backup\Properties\Settings.settings">
</Event><Event ErrorLevel="0" Project="MoleculeViewer" Source="Sample PDBs\1AFB.pdb" Description="File successfully backed up as C:\b\git\tobegited\MoleculeViewer\Backup\Sample PDBs\1AFB.pdb">
</Event><Event ErrorLevel="0" Project="MoleculeViewer" Source="Sample PDBs\1CFB.pdb" Description="File successfully backed up as C:\b\git\tobegited\MoleculeViewer\Backup\Sample PDBs\1CFB.pdb">
</Event><Event ErrorLevel="0" Project="MoleculeViewer" Source="Sample PDBs\2BBA.pdb" Description="File successfully backed up as C:\b\git\tobegited\MoleculeViewer\Backup\Sample PDBs\2BBA.pdb">
</Event><Event ErrorLevel="0" Project="MoleculeViewer" Source="Sample PDBs\nsP10.pdb" Description="File successfully backed up as C:\b\git\tobegited\MoleculeViewer\Backup\Sample PDBs\nsP10.pdb">
</Event><Event ErrorLevel="0" Project="MoleculeViewer" Source="Properties\Resources.resx" Description="File successfully backed up as C:\b\git\tobegited\MoleculeViewer\Backup\Properties\Resources.resx">
</Event><Event ErrorLevel="0" Project="MoleculeViewer" Source="App.xaml" Description="File successfully backed up as C:\b\git\tobegited\MoleculeViewer\Backup\App.xaml">
</Event><Event ErrorLevel="0" Project="MoleculeViewer" Source="AboutWindow.xaml" Description="File successfully backed up as C:\b\git\tobegited\MoleculeViewer\Backup\AboutWindow.xaml">
</Event><Event ErrorLevel="0" Project="MoleculeViewer" Source="ActionIndicator.xaml" Description="File successfully backed up as C:\b\git\tobegited\MoleculeViewer\Backup\ActionIndicator.xaml">
</Event><Event ErrorLevel="0" Project="MoleculeViewer" Source="IKLogoAnimated.xaml" Description="File successfully backed up as C:\b\git\tobegited\MoleculeViewer\Backup\IKLogoAnimated.xaml">
</Event><Event ErrorLevel="0" Project="MoleculeViewer" Source="MainWindow.xaml" Description="File successfully backed up as C:\b\git\tobegited\MoleculeViewer\Backup\MainWindow.xaml">
</Event><Event ErrorLevel="0" Project="MoleculeViewer" Source="TsriLogoControl.xaml" Description="File successfully backed up as C:\b\git\tobegited\MoleculeViewer\Backup\TsriLogoControl.xaml">
</Event><Event ErrorLevel="1" Project="MoleculeViewer" Source="MoleculeViewer.csproj" Description="Your project is targeting .NET Framework 2.0 or 3.0. If your project uses assemblies requiring a newer .NET Framework, your project will fail to build. You can change the .NET Framework version by clicking Properties on the project menu and then selecting a new version in the '.NET Framework' dropdown box. (In Visual Basic, this is located on the Compile tab by clicking the 'Advanced Compiler Options...' button.)">
</Event><Event ErrorLevel="0" Project="MoleculeViewer" Source="MoleculeViewer.csproj" Description="Project converted successfully">
</Event><Event ErrorLevel="3" Project="MoleculeViewer" Source="MoleculeViewer.csproj" Description="Converted">
</Event><Event ErrorLevel="0" Project="" Source="MoleculeViewer.sln" Description="Solution converted successfully">
</Event><Event ErrorLevel="3" Project="" Source="MoleculeViewer.sln" Description="Converted">
</Event><Event ErrorLevel="0" Project="MoleculeViewer" Source="MoleculeViewer.csproj" Description="Scan complete: Upgrade not required for project files.">
</Event></UpgradeLog>